{
  "$schema": "https://raw.githubusercontent.com/grafana/grafana/main/docs/sources/developers/plugins/plugin.schema.json",
  "type": "panel",
  "name": "Network Visualizer",
  "id": "testorg-networkvisualizer-panel",
  "info": {
    "keywords": ["panel"],
    "description": "",
    "author": {
      "name": "Test org"
    },
    "logos": {
      "small": "img/logo.svg",
      "large": "img/logo.svg"
    },
    "links": [],
    "screenshots": [],
    "version": "1.0.0",
    "updated": "2024-08-09"
  },
  "dependencies": {
    "grafanaDependency": ">=10.4.0",
    "plugins": []
  }
}
